review_text,issue,theme,fixes
"My first 1 star review goes to...the very deserving Circus Circus.  This review has everything to do with their employees and nothing to do with the amenities of the hotel and casino.

We all know how fun it is to relive your childhood upstairs where all the games and circus shows go down so my friends and I spent some time up there.  We sat down to play Circus Downs, the game where you roll a ball into holes to try to get your horse across the board, but there was a cheater amongst us.  He stole a ball..and used 2 to play.  The worker did nothing to stop him and even awarded that jerk a prize at the end.  Seriously?! Little kids are playing this game and you're going to cheat them from a fair game??  When I asked the employee to let us play another round, he just ignored me!  He didn't even apologize for the cheater or simply say no.  A friend and I decided to report this situation to security...which turned out to be no help AT ALL.  

Us: *tap* Excuse me.
Security biatch: Don't touch me.
Us: I need to report an incident. We were upstairs-
Security: *with LOTS of attitude* Upstairs? Upstairs where? Midway? 
Us: Um...upstairs where all the gam..
Security: Get to the point. What.Do.You.Want?
*Oh hellll no! At this point..I've had it up to HERE with her attitude!*
Us: If you're busy and you need to be somewhere, then I can talk to someone else.  Just point me to the direction of a manager.
Security: *throws back her jacket flap to reveal her ""badge* Security.
Us: Tells her the story...blah blah 
Security: What? So this is about a teddy bear? 
Us: NO, this about ethics and the way the employee inappropriately handled the situation.
Security: How old are you?
Us:......Why does that matter?
Security: I have the right to ask.

WHAT A BEEEEEEEEEEEEEEEEE!!! Really?! You're a security guard and you're going around riding on your high horse??  Are you even doing your job securing the premises? I wish I had gotten HER name so that I could report her!!

As you can guess, talking to the manager of midway was pointless.  He apologized for the ""terrible predicament"" we were in and how he understands ""it sucks.""  WHY ARE THEY TALKING TO US AS IF WE'RE 8 YEARS OLD?! 

adijgoiasjdgoiasdg CIRCUS CIRCUS YOU GUYS SUCK!!!","Employee ignored cheating, allowed the cheater to win a prize, and failed to address the complaint or apologize",Service Quality,"Deploy a mandatory incident‑reporting workflow in ServiceNow where any employee who observes cheating triggers an automatic ticket (with timestamped video evidence upload) that must be reviewed within 24 hours by the floor manager. | - Integrate a post‑interaction CSAT survey into Salesforce that includes a “Was your concern addressed?” question; if the score falls below 80 %, the case is routed instantly to the quality assurance team for follow‑up and a corrective‑action plan. | - Institute a quarterly “Cheating Accountability” KPI tracked via Power BI, measuring the number of cheating incidents logged per 10,000 interactions, with a target of ≤0.05% and a formal review board that sanctions repeat offenders. | - Schedule weekly 15‑minute role‑play drills on Zoom using recorded cheating scenarios pulled from the internal knowledge base, scored by a certified facilitator and tied to individual performance bonuses."
"My first 1 star review goes to...the very deserving Circus Circus.  This review has everything to do with their employees and nothing to do with the amenities of the hotel and casino.

We all know how fun it is to relive your childhood upstairs where all the games and circus shows go down so my friends and I spent some time up there.  We sat down to play Circus Downs, the game where you roll a ball into holes to try to get your horse across the board, but there was a cheater amongst us.  He stole a ball..and used 2 to play.  The worker did nothing to stop him and even awarded that jerk a prize at the end.  Seriously?! Little kids are playing this game and you're going to cheat them from a fair game??  When I asked the employee to let us play another round, he just ignored me!  He didn't even apologize for the cheater or simply say no.  A friend and I decided to report this situation to security...which turned out to be no help AT ALL.  

Us: *tap* Excuse me.
Security biatch: Don't touch me.
Us: I need to report an incident. We were upstairs-
Security: *with LOTS of attitude* Upstairs? Upstairs where? Midway? 
Us: Um...upstairs where all the gam..
Security: Get to the point. What.Do.You.Want?
*Oh hellll no! At this point..I've had it up to HERE with her attitude!*
Us: If you're busy and you need to be somewhere, then I can talk to someone else.  Just point me to the direction of a manager.
Security: *throws back her jacket flap to reveal her ""badge* Security.
Us: Tells her the story...blah blah 
Security: What? So this is about a teddy bear? 
Us: NO, this about ethics and the way the employee inappropriately handled the situation.
Security: How old are you?
Us:......Why does that matter?
Security: I have the right to ask.

WHAT A BEEEEEEEEEEEEEEEEE!!! Really?! You're a security guard and you're going around riding on your high horse??  Are you even doing your job securing the premises? I wish I had gotten HER name so that I could report her!!

As you can guess, talking to the manager of midway was pointless.  He apologized for the ""terrible predicament"" we were in and how he understands ""it sucks.""  WHY ARE THEY TALKING TO US AS IF WE'RE 8 YEARS OLD?! 

adijgoiasjdgoiasdg CIRCUS CIRCUS YOU GUYS SUCK!!!","Security guard was rude, unhelpful, displayed a hostile attitude, and asked irrelevant personal questions instead of assisting",Security,"Deploy a mobile incident‑reporting app (e.g., iAuditor) that lets customers log security interactions in real time; set a KPI of < 5 unresolved complaints per month and audit reports weekly. | - Implement a mandatory 45‑minute “De‑Escalation & Active Listening” microlearning module on TalentLMS, with a built‑in quiz requiring ≥90 % pass before guards are scheduled for duty. | - Integrate a wearable body‑camera system (e.g., Axon Body 3) for all frontline officers, automatically uploading footage to a cloud‑based review portal where supervisors conduct monthly random audits and provide corrective feedback. | - Establish a quarterly “Customer Service Scorecard” tracked in Power BI that measures Net Promoter Score (NPS) for security encounters; tie any score below 70 to a documented improvement plan reviewed by senior leadership."
"My first 1 star review goes to...the very deserving Circus Circus.  This review has everything to do with their employees and nothing to do with the amenities of the hotel and casino.

We all know how fun it is to relive your childhood upstairs where all the games and circus shows go down so my friends and I spent some time up there.  We sat down to play Circus Downs, the game where you roll a ball into holes to try to get your horse across the board, but there was a cheater amongst us.  He stole a ball..and used 2 to play.  The worker did nothing to stop him and even awarded that jerk a prize at the end.  Seriously?! Little kids are playing this game and you're going to cheat them from a fair game??  When I asked the employee to let us play another round, he just ignored me!  He didn't even apologize for the cheater or simply say no.  A friend and I decided to report this situation to security...which turned out to be no help AT ALL.  

Us: *tap* Excuse me.
Security biatch: Don't touch me.
Us: I need to report an incident. We were upstairs-
Security: *with LOTS of attitude* Upstairs? Upstairs where? Midway? 
Us: Um...upstairs where all the gam..
Security: Get to the point. What.Do.You.Want?
*Oh hellll no! At this point..I've had it up to HERE with her attitude!*
Us: If you're busy and you need to be somewhere, then I can talk to someone else.  Just point me to the direction of a manager.
Security: *throws back her jacket flap to reveal her ""badge* Security.
Us: Tells her the story...blah blah 
Security: What? So this is about a teddy bear? 
Us: NO, this about ethics and the way the employee inappropriately handled the situation.
Security: How old are you?
Us:......Why does that matter?
Security: I have the right to ask.

WHAT A BEEEEEEEEEEEEEEEEE!!! Really?! You're a security guard and you're going around riding on your high horse??  Are you even doing your job securing the premises? I wish I had gotten HER name so that I could report her!!

As you can guess, talking to the manager of midway was pointless.  He apologized for the ""terrible predicament"" we were in and how he understands ""it sucks.""  WHY ARE THEY TALKING TO US AS IF WE'RE 8 YEARS OLD?! 

adijgoiasjdgoiasdg CIRCUS CIRCUS YOU GUYS SUCK!!!","Manager responded dismissively and condescendingly, treating guests like children and offering an inadequate apology",Management,"Deploy a **Standardized Guest‑Interaction Script** in Salesforce Service Cloud that includes mandatory “apology” and “resolution‑offer” fields; require managers to complete the script before closing any guest ticket. | - Institute **Monthly Role‑Play Workshops** using the **Gong.io** conversation analytics platform, where managers record mock interactions with scripted scenarios and receive real‑time feedback on tone and empathy scores. | - Introduce a **Guest Satisfaction Dashboard** in Power BI that tracks Net Promoter Score (NPS) and “Empathy Rating” derived from post‑interaction surveys, with a KPI that ≥90 % of managers achieve a minimum NPS ≥ 8 and empathy score ≥ 4/5 per month. | - Implement a **Mentorship Program** pairing each front‑line manager with a senior leader who conducts weekly 15‑minute shadowing sessions and completes a short checklist in Microsoft Teams Planner covering de‑escalation techniques and apology phrasing."
"My review pertains only to the Pet Boarding facilities.

Their ""Hound Hotel"" sounds/looks really good online, but in person it was a real let down.  The kennel is in a room off the parking garage, steps from the city sidewalk.  I was told it was by a security desk, but when we arrived, that whole tower was closed and unattended.  If somone were able to get into the room, they could get to your dog through the space at the top of the cage, even though the cage was locked.  The cameras are a nice feature, but are you gonna watch the dog 24/7?  Even if you saw someone doing something with your dog, it would take you 10 minutes to get there from the other tower.  We packed up and went to the Reno Plaza hotel, who allows pets in the room.

If you care for your pet, you would not use these facilities.","The online description of the ""Hound Hotel"" is misleading and does not match the actual facility experience",Service Quality,"Deploy a dynamic content audit workflow in Contentful (or similar CMS) that flags any “Hound Hotel” property page with mismatched photos or copy; schedule automated daily scans and require approval from the brand compliance team before publishing. | - Integrate an AI‑driven visual verification step using Clarifai’s image similarity model into the editorial review checklist so every new listing photo is cross‑referenced against the on‑site standard before going live. | - Launch a quarterly mystery‑guest program managed through Medallia Experience Management, assigning at least five guests per location to complete a standardized “Facility Accuracy Survey” that scores descriptions vs. reality; trigger corrective actions when scores fall below 90 %. | - Create a centralized “Property Truth Database” in Airtable linked to the e‑commerce catalog, where every attribute (amenities, room type, photos) must be verified by the operations manager via a signed off sheet before the data syncs to the website."
"My review pertains only to the Pet Boarding facilities.

Their ""Hound Hotel"" sounds/looks really good online, but in person it was a real let down.  The kennel is in a room off the parking garage, steps from the city sidewalk.  I was told it was by a security desk, but when we arrived, that whole tower was closed and unattended.  If somone were able to get into the room, they could get to your dog through the space at the top of the cage, even though the cage was locked.  The cameras are a nice feature, but are you gonna watch the dog 24/7?  Even if you saw someone doing something with your dog, it would take you 10 minutes to get there from the other tower.  We packed up and went to the Reno Plaza hotel, who allows pets in the room.

If you care for your pet, you would not use these facilities.","The boarding area is located in an unattended, closed tower, creating a security risk for pets",Security,"Install AI‑enabled video surveillance (e.g., Verkada) in the tower with real‑time motion alerts routed to a dedicated “Pet Safety” Slack channel, ensuring immediate response if an animal enters the area. | - Deploy a digital access control system such as HID Global’s readers integrated with a cloud‑based dashboard; grant only staff members with approved “Tower Access – Pets” credentials and log every entry/exit event for auditability. | - Contract a licensed security firm to provide on‑site patrols for a minimum of two hours before and after peak boarding times, tracked via a mobile scheduling app (e.g., WhenIWork) with compliance reporting each week. | - Equip all tower doors with tamper‑proof RFID pet tags linked to the access control system so that any unauthorized movement triggers an automatic lockout and instant notification to supervisors."
"My review pertains only to the Pet Boarding facilities.

Their ""Hound Hotel"" sounds/looks really good online, but in person it was a real let down.  The kennel is in a room off the parking garage, steps from the city sidewalk.  I was told it was by a security desk, but when we arrived, that whole tower was closed and unattended.  If somone were able to get into the room, they could get to your dog through the space at the top of the cage, even though the cage was locked.  The cameras are a nice feature, but are you gonna watch the dog 24/7?  Even if you saw someone doing something with your dog, it would take you 10 minutes to get there from the other tower.  We packed up and went to the Reno Plaza hotel, who allows pets in the room.

If you care for your pet, you would not use these facilities.","The cage design allows access to the dog from the top even when locked, posing a safety hazard",Safety,"Add a lock‑able security panel:** Install a removable aluminum cover on the top opening (e.g., 1/8″ aluminum with a keyed latch) and document its installation in the assembly SOP before shipping. | - **Introduce a “Top‑Access Lockout” step:** Add a mandatory check item to the production checklist (using iAuditor) where the operator verifies that the top lock is engaged and records the action in real time. | - **Run a FMEA on locking mechanisms:** Deploy a digital FMEA template in Minitab to identify failure modes, assign risk scores, and require corrective actions for any mode rated ≥7 within two weeks. | - **Upgrade to a tamper‑resistant lock mechanism:** Replace existing locks with anti‑pry latches (e.g., Medeco M3 series) and validate compliance by running a 48‑hour durability test on three units per lot before release."
"My review pertains only to the Pet Boarding facilities.

Their ""Hound Hotel"" sounds/looks really good online, but in person it was a real let down.  The kennel is in a room off the parking garage, steps from the city sidewalk.  I was told it was by a security desk, but when we arrived, that whole tower was closed and unattended.  If somone were able to get into the room, they could get to your dog through the space at the top of the cage, even though the cage was locked.  The cameras are a nice feature, but are you gonna watch the dog 24/7?  Even if you saw someone doing something with your dog, it would take you 10 minutes to get there from the other tower.  We packed up and went to the Reno Plaza hotel, who allows pets in the room.

If you care for your pet, you would not use these facilities.","Cameras are present but there is no real‑time staff monitoring, leading to delayed response to any issue",Staffing,"Deploy a cloud‑based video‑management solution (e.g., Verkada Cloud) with AI motion alerts that push real‑time events to a dedicated “Monitor Ops” Slack channel, ensuring immediate staff notification of any camera activity. | - Integrate a staffing roster in WhenIWork that automatically flags “camera coverage gaps” and schedules additional on‑site personnel when alert volumes exceed predefined thresholds (e.g., >10 alerts per hour). | - Install QR code stations at each camera location that trigger an instant SMS/WhatsApp alert to the designated security team via Twilio, guaranteeing a response within 2 minutes of detection. | - Set up a Power BI dashboard pulling live camera feed health metrics (signal strength, resolution, latency) and configure automated email alerts to the IT team whenever a metric falls below 95 % uptime, enabling proactive corrective actions."
"Ahhh Circus Circus Reno, lets take a tour shall we?  Keep in mind we're not expecting much, this IS Reno, not Vegas.

Lets check in!  Go to the front desk and be greeted by the most somber and unpleasant reception desk staff I've encountered.  Pretty much everybody we talk to up there seem to hate their life and made sure to show it.  What a great vibe to start our trip!

Take a walk through the casino floor on the way to the room.  Take a look around.  The wait staff looks like they've been working there since 1975, jaw-jacked clientele super focused on their slot game nearing the end of their 72 hour meth bender (bet your ass they're staying in the room next to you!).  Outstanding!  Unless you're waiting for the tram to take you to the Sky Tower (which ""sometimes"" works), looks like you're walking about 5-10 minutes to your room carrying all your shit, probably should have just got a bellhop, but expect the same bad customer service, so we'll do it ourselves.

Arriving in the room, you'll be greeted by questionable bedding and furniture that looks like it's been sitting in the room since about the time that the wait staff was hired (circa 1975 or so... at least the TV was from the late 80s or early 90s).  You might even be lucky enough to find some dirty towels in the bathroom.  If you forgot your lighter in the car you're shit outta luck, since there's no matches to be found in the room.

Spend about 60 minutes downstairs and get stared at by creepy crackheads and ignored by wait staff.  Lets go get a drink at the bar!  Why does the bartender act like I'm unconvincing him be even being there?  There's no ""Hey bud what can I get cha"" here, just a blank stare and a nod acknowledging that you did, in fact, place an order.

...


Word to the wise:  Go ahead and stay at any of the other Casinos apart from the Circus Circus-Silver Legacy-El Dorado group.  I'd recommend paying a little extra and staying at the Peppermill or Atlantis (Reno's best ""Vegas-like"" experience), or if you have to stay downtown, go ahead and stay at the Sands Regency, at least the staff is more friendly and the rooms are bigger, for a cheaper price.  Clientele is slightly on the shady side as well, but it's Reno, I wouldn't expect anything more.",Reception and front‑desk staff were unfriendly and displayed a negative attitude,Service Quality,"Deploy a weekly “Mystery Guest” audit (using the Medallia Experience Management platform) where anonymous guests score reception friendliness on a 1‑10 scale; tie results to quarterly performance bonuses for staff meeting ≥ 8.0 average scores. | - Launch a mandatory 20‑minute microlearning module in Lessonly titled “Positive Greetings & Active Listening,” with built‑in scenario quizzes that require ≥ 90% pass before staff can clock in each shift. | - Install a real‑time guest sentiment dashboard in Power BI that pulls data from the hotel’s PMS (e.g., Opera) to flag any front‑desk interaction scoring ≤ 7 on post‑checkout surveys, prompting immediate manager follow‑up within 24 hours. | - Create a rotating “Shift Champion” schedule tracked in Asana, assigning one employee per day to lead a 5‑minute daily huddle focusing on three positive interactions each shift and recording completion for HR reporting."
"Ahhh Circus Circus Reno, lets take a tour shall we?  Keep in mind we're not expecting much, this IS Reno, not Vegas.

Lets check in!  Go to the front desk and be greeted by the most somber and unpleasant reception desk staff I've encountered.  Pretty much everybody we talk to up there seem to hate their life and made sure to show it.  What a great vibe to start our trip!

Take a walk through the casino floor on the way to the room.  Take a look around.  The wait staff looks like they've been working there since 1975, jaw-jacked clientele super focused on their slot game nearing the end of their 72 hour meth bender (bet your ass they're staying in the room next to you!).  Outstanding!  Unless you're waiting for the tram to take you to the Sky Tower (which ""sometimes"" works), looks like you're walking about 5-10 minutes to your room carrying all your shit, probably should have just got a bellhop, but expect the same bad customer service, so we'll do it ourselves.

Arriving in the room, you'll be greeted by questionable bedding and furniture that looks like it's been sitting in the room since about the time that the wait staff was hired (circa 1975 or so... at least the TV was from the late 80s or early 90s).  You might even be lucky enough to find some dirty towels in the bathroom.  If you forgot your lighter in the car you're shit outta luck, since there's no matches to be found in the room.

Spend about 60 minutes downstairs and get stared at by creepy crackheads and ignored by wait staff.  Lets go get a drink at the bar!  Why does the bartender act like I'm unconvincing him be even being there?  There's no ""Hey bud what can I get cha"" here, just a blank stare and a nod acknowledging that you did, in fact, place an order.

...


Word to the wise:  Go ahead and stay at any of the other Casinos apart from the Circus Circus-Silver Legacy-El Dorado group.  I'd recommend paying a little extra and staying at the Peppermill or Atlantis (Reno's best ""Vegas-like"" experience), or if you have to stay downtown, go ahead and stay at the Sands Regency, at least the staff is more friendly and the rooms are bigger, for a cheaper price.  Clientele is slightly on the shady side as well, but it's Reno, I wouldn't expect anything more.","Overall staff, including waiters and bartenders, were unhelpful and gave poor customer service",Service Quality,"Deploy a real‑time guest feedback kiosk (e.g., Medallia Pulse tablets) at each table and bar station, with automated alerts sent to the floor manager’s Slack channel whenever a rating falls below 3 stars so immediate corrective action can be taken. | - Launch a weekly “Mystery Guest” program using a third‑party provider such as Secret Shopper, assigning scores on empathy, problem solving, and speed; tie 10 % of quarterly bonuses to achieving ≥90 % pass rates. | - Implement a microlearning module in Lessonly that walks staff through a scripted “Welcome & Assistance” script, followed by a 5‑minute quiz; require completion and a minimum 85 % score before each shift. | - Install QR‑code‑linked short surveys on receipts (via SurveyMonkey) that ask guests to rate overall service; aggregate results daily and display a live dashboard in the back‑of‑house area to trigger coaching for any team member whose average falls below 4.0/5. | - Set up a peer‑shadowing schedule in WhenIWork where each waiter/bartender spends one hour per week observing a top performer, documented in a shared Google Sheet, and have supervisors conduct a 15‑minute debrief to capture actionable tips."
"Ahhh Circus Circus Reno, lets take a tour shall we?  Keep in mind we're not expecting much, this IS Reno, not Vegas.

Lets check in!  Go to the front desk and be greeted by the most somber and unpleasant reception desk staff I've encountered.  Pretty much everybody we talk to up there seem to hate their life and made sure to show it.  What a great vibe to start our trip!

Take a walk through the casino floor on the way to the room.  Take a look around.  The wait staff looks like they've been working there since 1975, jaw-jacked clientele super focused on their slot game nearing the end of their 72 hour meth bender (bet your ass they're staying in the room next to you!).  Outstanding!  Unless you're waiting for the tram to take you to the Sky Tower (which ""sometimes"" works), looks like you're walking about 5-10 minutes to your room carrying all your shit, probably should have just got a bellhop, but expect the same bad customer service, so we'll do it ourselves.

Arriving in the room, you'll be greeted by questionable bedding and furniture that looks like it's been sitting in the room since about the time that the wait staff was hired (circa 1975 or so... at least the TV was from the late 80s or early 90s).  You might even be lucky enough to find some dirty towels in the bathroom.  If you forgot your lighter in the car you're shit outta luck, since there's no matches to be found in the room.

Spend about 60 minutes downstairs and get stared at by creepy crackheads and ignored by wait staff.  Lets go get a drink at the bar!  Why does the bartender act like I'm unconvincing him be even being there?  There's no ""Hey bud what can I get cha"" here, just a blank stare and a nod acknowledging that you did, in fact, place an order.

...


Word to the wise:  Go ahead and stay at any of the other Casinos apart from the Circus Circus-Silver Legacy-El Dorado group.  I'd recommend paying a little extra and staying at the Peppermill or Atlantis (Reno's best ""Vegas-like"" experience), or if you have to stay downtown, go ahead and stay at the Sands Regency, at least the staff is more friendly and the rooms are bigger, for a cheaper price.  Clientele is slightly on the shady side as well, but it's Reno, I wouldn't expect anything more.",Guests had to carry luggage long distances due to lack of bellhop service,Convenience,"Deploy RFID‑enabled luggage tags integrated with the hotel’s PMS (e.g., Oracle OPERA) so staff can instantly locate guests via handheld scanners and dispatch bellhops within 2 minutes of arrival. | - Install a “Luggage Assistance” button in the mobile app (using the existing GuestU platform) that automatically sends a request to the nearest bellhop and logs response times for daily KPI tracking. | - Contract a local on‑demand staffing agency through a vetted vendor management system such as SAP Ariba, scheduling at least one bellhop per 15 rooms during peak check‑in windows (measured by occupancy forecasts). | - Equip all bellhops with GPS‑enabled devices linked to a real‑time dashboard (e.g., Power BI) showing live guest wait times; set a target of ≤5‑minute average response time and trigger alerts when thresholds are breached."
"Ahhh Circus Circus Reno, lets take a tour shall we?  Keep in mind we're not expecting much, this IS Reno, not Vegas.

Lets check in!  Go to the front desk and be greeted by the most somber and unpleasant reception desk staff I've encountered.  Pretty much everybody we talk to up there seem to hate their life and made sure to show it.  What a great vibe to start our trip!

Take a walk through the casino floor on the way to the room.  Take a look around.  The wait staff looks like they've been working there since 1975, jaw-jacked clientele super focused on their slot game nearing the end of their 72 hour meth bender (bet your ass they're staying in the room next to you!).  Outstanding!  Unless you're waiting for the tram to take you to the Sky Tower (which ""sometimes"" works), looks like you're walking about 5-10 minutes to your room carrying all your shit, probably should have just got a bellhop, but expect the same bad customer service, so we'll do it ourselves.

Arriving in the room, you'll be greeted by questionable bedding and furniture that looks like it's been sitting in the room since about the time that the wait staff was hired (circa 1975 or so... at least the TV was from the late 80s or early 90s).  You might even be lucky enough to find some dirty towels in the bathroom.  If you forgot your lighter in the car you're shit outta luck, since there's no matches to be found in the room.

Spend about 60 minutes downstairs and get stared at by creepy crackheads and ignored by wait staff.  Lets go get a drink at the bar!  Why does the bartender act like I'm unconvincing him be even being there?  There's no ""Hey bud what can I get cha"" here, just a blank stare and a nod acknowledging that you did, in fact, place an order.

...


Word to the wise:  Go ahead and stay at any of the other Casinos apart from the Circus Circus-Silver Legacy-El Dorado group.  I'd recommend paying a little extra and staying at the Peppermill or Atlantis (Reno's best ""Vegas-like"" experience), or if you have to stay downtown, go ahead and stay at the Sands Regency, at least the staff is more friendly and the rooms are bigger, for a cheaper price.  Clientele is slightly on the shady side as well, but it's Reno, I wouldn't expect anything more.","Room furnishings were outdated, bedding and towels were dirty, and basic amenities like matches were missing",Room Cleanliness,"Deploy a digital housekeeping checklist in iAuditor (SafetyCulture) that requires staff to scan QR codes on each furniture item; any missed items trigger an automatic alert to the supervisor within 15 minutes. | - Integrate a linen quality audit into the existing RFID‑enabled inventory system (e.g., Asset Panda), setting a KPI that <2 % of towels test positive for soil after each guest checkout, with daily compliance reports emailed to the operations manager. | - Install a cloud‑based amenity replenishment module in the property management system (e.g., Opera PMS) that logs stock levels of matches, toothbrushes, etc.; when levels fall below a predefined threshold, the system automatically generates a purchase order for the local supplier. | - Schedule quarterly “Furnishings Refresh” projects using Asana boards, assigning clear tasks (replace mattresses, update décor, replace linens) with due dates, budget caps, and a Gantt chart view to ensure all rooms meet the current design standard before the next occupancy cycle."
"Ahhh Circus Circus Reno, lets take a tour shall we?  Keep in mind we're not expecting much, this IS Reno, not Vegas.

Lets check in!  Go to the front desk and be greeted by the most somber and unpleasant reception desk staff I've encountered.  Pretty much everybody we talk to up there seem to hate their life and made sure to show it.  What a great vibe to start our trip!

Take a walk through the casino floor on the way to the room.  Take a look around.  The wait staff looks like they've been working there since 1975, jaw-jacked clientele super focused on their slot game nearing the end of their 72 hour meth bender (bet your ass they're staying in the room next to you!).  Outstanding!  Unless you're waiting for the tram to take you to the Sky Tower (which ""sometimes"" works), looks like you're walking about 5-10 minutes to your room carrying all your shit, probably should have just got a bellhop, but expect the same bad customer service, so we'll do it ourselves.

Arriving in the room, you'll be greeted by questionable bedding and furniture that looks like it's been sitting in the room since about the time that the wait staff was hired (circa 1975 or so... at least the TV was from the late 80s or early 90s).  You might even be lucky enough to find some dirty towels in the bathroom.  If you forgot your lighter in the car you're shit outta luck, since there's no matches to be found in the room.

Spend about 60 minutes downstairs and get stared at by creepy crackheads and ignored by wait staff.  Lets go get a drink at the bar!  Why does the bartender act like I'm unconvincing him be even being there?  There's no ""Hey bud what can I get cha"" here, just a blank stare and a nod acknowledging that you did, in fact, place an order.

...


Word to the wise:  Go ahead and stay at any of the other Casinos apart from the Circus Circus-Silver Legacy-El Dorado group.  I'd recommend paying a little extra and staying at the Peppermill or Atlantis (Reno's best ""Vegas-like"" experience), or if you have to stay downtown, go ahead and stay at the Sands Regency, at least the staff is more friendly and the rooms are bigger, for a cheaper price.  Clientele is slightly on the shady side as well, but it's Reno, I wouldn't expect anything more.",The tram to the Sky Tower was unreliable and often did not work,Facility Reliability,"Deploy IoT vibration sensors on all tram motors and integrate them with Siemens S7‑PLC condition monitoring software to trigger automatic shutdowns when threshold alerts are detected, preventing mechanical failures before they impact service. | - Establish a preventive maintenance schedule in Fiix CMMS that mandates weekly lubrication checks, quarterly gearbox inspections, and monthly brake pad replacements, with KPI tracking of “mean time between unscheduled outages” to keep reliability above 98 %. | - Install RFID‑enabled door locks and integrate them with the existing SCADA system so that any lock failure automatically generates a ServiceNow incident ticket and a 15‑minute SLA for on‑site repair. | - Create a real‑time passenger notification dashboard in Power BI that pulls live tram status data from the onboard GPS modules, displaying estimated arrival times and alternative routes, reducing perceived unreliability by over 20 % within three months."
"Ahhh Circus Circus Reno, lets take a tour shall we?  Keep in mind we're not expecting much, this IS Reno, not Vegas.

Lets check in!  Go to the front desk and be greeted by the most somber and unpleasant reception desk staff I've encountered.  Pretty much everybody we talk to up there seem to hate their life and made sure to show it.  What a great vibe to start our trip!

Take a walk through the casino floor on the way to the room.  Take a look around.  The wait staff looks like they've been working there since 1975, jaw-jacked clientele super focused on their slot game nearing the end of their 72 hour meth bender (bet your ass they're staying in the room next to you!).  Outstanding!  Unless you're waiting for the tram to take you to the Sky Tower (which ""sometimes"" works), looks like you're walking about 5-10 minutes to your room carrying all your shit, probably should have just got a bellhop, but expect the same bad customer service, so we'll do it ourselves.

Arriving in the room, you'll be greeted by questionable bedding and furniture that looks like it's been sitting in the room since about the time that the wait staff was hired (circa 1975 or so... at least the TV was from the late 80s or early 90s).  You might even be lucky enough to find some dirty towels in the bathroom.  If you forgot your lighter in the car you're shit outta luck, since there's no matches to be found in the room.

Spend about 60 minutes downstairs and get stared at by creepy crackheads and ignored by wait staff.  Lets go get a drink at the bar!  Why does the bartender act like I'm unconvincing him be even being there?  There's no ""Hey bud what can I get cha"" here, just a blank stare and a nod acknowledging that you did, in fact, place an order.

...


Word to the wise:  Go ahead and stay at any of the other Casinos apart from the Circus Circus-Silver Legacy-El Dorado group.  I'd recommend paying a little extra and staying at the Peppermill or Atlantis (Reno's best ""Vegas-like"" experience), or if you have to stay downtown, go ahead and stay at the Sands Regency, at least the staff is more friendly and the rooms are bigger, for a cheaper price.  Clientele is slightly on the shady side as well, but it's Reno, I wouldn't expect anything more.",The property had a presence of drug‑using individuals and felt unsafe in public areas,Safety,"Deploy AI‑enabled CCTV (e.g., Verkada) integrated with real‑time alerting software (e.g., BriefCam) to automatically detect loitering and trigger security dispatch when motion patterns deviate from baseline norms. | - Contract a licensed security firm to provide 24/7 mobile patrols and install RFID badge readers at all entry points; require staff to scan their badges on exit and generate daily compliance reports. | - Implement a tenant‑reporting app (e.g., SafeWatch) that lets residents log suspicious activity instantly, routing submissions to the on‑site security team within 5 minutes and tracking resolution times via a dashboard. | - Conduct monthly vulnerability audits using the SaaS tool iAuditor, assigning corrective actions with due dates and monitoring completion rates against a KPI of ≤10 % unresolved safety items per month. | - Create a “Safe Zone” policy that designates high‑traffic public spaces as drug‑free zones, enforced through QR‑code check‑ins linked to a visitor management system (e.g., Envoy) that records entries and flags repeat violations for automatic tenant alerts."
"Raquel, Brittney, & some middle eastern dude that works in the VIP downstairs....all terrible customer service. As a VIP member I should be receiving better care. They were all rude and unhelpful. I will never stay here again. I can not believe this service. It takes over an hour after talking to 4 different people and I still don't have a wifi connection after I paid for it? Not okay.","Rude and unhelpful staff providing poor customer service, especially for VIP members",Service Quality,"Deploy a real‑time sentiment dashboard (e.g., Medallia Experience Cloud) that flags any VIP interaction scoring below 80 % on “Courtesy” within 24 hours and routes those tickets to a senior manager for immediate follow‑up. | - Launch a mandatory micro‑learning module on empathy and VIP etiquette in the Lessonly LMS, requiring agents to complete a 10‑question quiz with ≥90 % before their next shift. | - Institute a weekly “VIP Service Huddle” where the top‑performing agent from the previous week shares a recorded call (via CallMiner analytics) and leads a 15‑minute role‑play session focused on de‑escalation and premium‑member expectations. | - Implement a tiered incentive program through Bonusly that awards points for achieving ≥95 % positive Net Promoter Score among VIP customers, redeemable for quarterly gift cards. | - Add a post‑interaction NPS survey trigger in Zendesk for every VIP case closure, automatically sending a personalized apology email if the score falls below 7 and logging the response for performance tracking."
"Raquel, Brittney, & some middle eastern dude that works in the VIP downstairs....all terrible customer service. As a VIP member I should be receiving better care. They were all rude and unhelpful. I will never stay here again. I can not believe this service. It takes over an hour after talking to 4 different people and I still don't have a wifi connection after I paid for it? Not okay.",Paid Wi‑Fi not working after an hour and multiple contacts,WiFi Service,"Deploy an automated Wi‑Fi health check script (e.g., using SolarWinds NPM Wi‑Fi Monitor) that runs every 15 minutes on the guest network and triggers an instant alert in ServiceNow if signal strength drops below 70 % for more than 10 seconds. | - Integrate a self‑service “Wi‑Fi Troubleshooting” portal into the existing Zendesk ticketing flow that presents step‑by‑step guides for resetting devices, checking firewall rules, and verifying login credentials, with a built‑in “Contact Support” button that creates a high‑priority ticket instantly. | - Implement a real‑time Wi‑Fi performance dashboard in Power BI that pulls data from the router’s SNMP logs, flags any network outages longer than five minutes, and sends Slack notifications to the on‑call engineer team for immediate remediation. | - Assign a dedicated “Wi‑Fi Response SLA” of ≤ 30 minutes in ServiceNow, automatically escalating tickets that remain open beyond this threshold to a senior technician and logging compliance metrics in a weekly KPI report. | - Add a post‑interaction survey question (“Did your Wi‑Fi problem get resolved within the promised time?”) to the email follow‑up template, route any negative responses to a quarterly root‑cause review board, and adjust staffing levels based on the resulting Net Promoter Score trend."
"I work in Reno Feb-March, for the last ....years, beds have not been upgraded for many years, the air quality is very bad, especially for one whose profession is a vocalist.  haven't tried the food here,  my room had a broken heater and had to be replaced.  All in all, Would never stay here, but it's provided by my employer, so that's the catch.  don't know how Reno will sustain these large hotel casinos with such poor entertainment.

I'm on the road about 6 months a year throughout North America and Europe, and about 95% of hotels have free wifi.  Circus Circus charges $10.00 per day for wifi, an added out of pocket expense for business travellers.  For one who must make many international calls, free wifi is a must for making travel reservations.  The only hotels charging for wifi these days are the big budget hotels, or downtown Reno.  Just Sayin', time to change Circus Circus.   Not happy paying for premium wireless, when I can't log on to internet banking or try to watch a news video of a dangerous high wind weather alert.  Just a note to all of you who like comfortable new beds,  I would go with El Dorado.  They have new flat screen TVs, but Circus Circus still has the 1990 model.  You'd think with all of that gambling revenue, they could upgrade some important things.  Hotel premium wireless is $13.00 per day,  download speeds are .31 MBPS,  You might be able to watch a 30 second video in 3 hours at that rate.  Unacceptable.  
On a positive note, some good live music in the Lounge.","Beds are outdated and uncomfortable, not upgraded for years.",Room Comfort,"Launch a phased mattress‑upgrade program using a procurement workflow in Coupa: purchase 200 new hybrid mattresses (e.g., Sealy Hybrid) per quarter, track spend against a $500k budget line item, and replace beds in rooms with occupancy ≥ 90% first. | - Integrate GuestU’s post‑stay survey question “Rate bedding comfort” into the mobile check‑in flow; set a target NPS score ≥ 80 on the “bedding” metric within three months and trigger automatic work orders in ServiceNow when scores fall below threshold. | - Deploy a digital asset management system such as Bynder to catalog all existing bed frames, assign a replacement cycle of every two years, and schedule quarterly inspections linked to a KPI dashboard in Power BI that flags any frame exceeding its service life. | - Negotiate a bulk discount contract with a certified supplier (e.g., Sleep Number) and create a “Bed Upgrade ROI Calculator” in Excel that quantifies cost savings from reduced guest complaints and increased ADR, enabling budget approvals for future roll‑outs."
"I work in Reno Feb-March, for the last ....years, beds have not been upgraded for many years, the air quality is very bad, especially for one whose profession is a vocalist.  haven't tried the food here,  my room had a broken heater and had to be replaced.  All in all, Would never stay here, but it's provided by my employer, so that's the catch.  don't know how Reno will sustain these large hotel casinos with such poor entertainment.

I'm on the road about 6 months a year throughout North America and Europe, and about 95% of hotels have free wifi.  Circus Circus charges $10.00 per day for wifi, an added out of pocket expense for business travellers.  For one who must make many international calls, free wifi is a must for making travel reservations.  The only hotels charging for wifi these days are the big budget hotels, or downtown Reno.  Just Sayin', time to change Circus Circus.   Not happy paying for premium wireless, when I can't log on to internet banking or try to watch a news video of a dangerous high wind weather alert.  Just a note to all of you who like comfortable new beds,  I would go with El Dorado.  They have new flat screen TVs, but Circus Circus still has the 1990 model.  You'd think with all of that gambling revenue, they could upgrade some important things.  Hotel premium wireless is $13.00 per day,  download speeds are .31 MBPS,  You might be able to watch a 30 second video in 3 hours at that rate.  Unacceptable.  
On a positive note, some good live music in the Lounge.","Air quality in the hotel is poor, affecting vocalists.",Air Quality,"Install IoT air‑quality sensors (e.g., Awair Element) linked to a real‑time dashboard on the property management system so housekeeping receives instant alerts when VOC levels exceed safe thresholds and triggers immediate remedial actions. | - Deploy portable HEPA‑rated air purifiers equipped with UV‑C germicidal lamps in all vocalist performance areas, and schedule quarterly filter replacements logged in the maintenance ticketing platform ServiceNow. | - Contract a certified HVAC service to perform quarterly filter changes and conduct ductwork cleaning per ASHRAE 62.1 standards, documenting completion in the CMMS (e.g., Fiix). | - Integrate IAQ‑related KPIs into the daily operations report: average PM₂.₅ concentration, humidity deviation from 40‑60 %, and CO₂ build‑up >800 ppm, triggering a corrective task if any metric exceeds predefined limits. | - Create a “Clean Air Zone” SOP that requires running dedicated exhaust fans during rehearsals and performances, monitored via the building automation system (BAS) to ensure continuous fresh‑air flow at ≥12 cfm/s per occupant."
"I work in Reno Feb-March, for the last ....years, beds have not been upgraded for many years, the air quality is very bad, especially for one whose profession is a vocalist.  haven't tried the food here,  my room had a broken heater and had to be replaced.  All in all, Would never stay here, but it's provided by my employer, so that's the catch.  don't know how Reno will sustain these large hotel casinos with such poor entertainment.

I'm on the road about 6 months a year throughout North America and Europe, and about 95% of hotels have free wifi.  Circus Circus charges $10.00 per day for wifi, an added out of pocket expense for business travellers.  For one who must make many international calls, free wifi is a must for making travel reservations.  The only hotels charging for wifi these days are the big budget hotels, or downtown Reno.  Just Sayin', time to change Circus Circus.   Not happy paying for premium wireless, when I can't log on to internet banking or try to watch a news video of a dangerous high wind weather alert.  Just a note to all of you who like comfortable new beds,  I would go with El Dorado.  They have new flat screen TVs, but Circus Circus still has the 1990 model.  You'd think with all of that gambling revenue, they could upgrade some important things.  Hotel premium wireless is $13.00 per day,  download speeds are .31 MBPS,  You might be able to watch a 30 second video in 3 hours at that rate.  Unacceptable.  
On a positive note, some good live music in the Lounge.",Room heater was broken and needed replacement.,Room Maintenance,"Deploy an IoT‑enabled HVAC monitoring solution (e.g., Schneider Electric EcoStruxure) on all guest rooms; configure alerts in ServiceNow to trigger automatic work orders when temperature deviates >5 °F from setpoint. | - Integrate a mobile inspection checklist into iAuditor (SafetyCulture) so housekeeping completes a “heater functionality” step after every room turnover, with photo evidence uploaded to the property management system. | - Create a dedicated “Room Heater Replacement” ticket type in Zendesk with a 15‑minute SLA, automatically routing it to the maintenance queue and displaying real‑time KPI dashboards for resolution time and repeat failures. | - Schedule quarterly preventive maintenance cycles using a CMMS such as Fiix, assigning a unique asset tag to each heater and generating work orders based on run‑hour thresholds and manufacturer service intervals."
"I work in Reno Feb-March, for the last ....years, beds have not been upgraded for many years, the air quality is very bad, especially for one whose profession is a vocalist.  haven't tried the food here,  my room had a broken heater and had to be replaced.  All in all, Would never stay here, but it's provided by my employer, so that's the catch.  don't know how Reno will sustain these large hotel casinos with such poor entertainment.

I'm on the road about 6 months a year throughout North America and Europe, and about 95% of hotels have free wifi.  Circus Circus charges $10.00 per day for wifi, an added out of pocket expense for business travellers.  For one who must make many international calls, free wifi is a must for making travel reservations.  The only hotels charging for wifi these days are the big budget hotels, or downtown Reno.  Just Sayin', time to change Circus Circus.   Not happy paying for premium wireless, when I can't log on to internet banking or try to watch a news video of a dangerous high wind weather alert.  Just a note to all of you who like comfortable new beds,  I would go with El Dorado.  They have new flat screen TVs, but Circus Circus still has the 1990 model.  You'd think with all of that gambling revenue, they could upgrade some important things.  Hotel premium wireless is $13.00 per day,  download speeds are .31 MBPS,  You might be able to watch a 30 second video in 3 hours at that rate.  Unacceptable.  
On a positive note, some good live music in the Lounge.","Wi‑Fi costs extra, is slow (~0.31 Mbps), and inadequate for business needs.",Internet Service,"Deploy a dedicated 100 Mbps business‑grade fiber circuit (e.g., via Spectrum Business) and replace all Wi‑Fi access points with enterprise‑class Meraki MR33 models configured for VLAN segregation, then run a baseline speed test (using SpeedTest.net) to verify ≥ 90 Mbps per user. | - Implement a cloud‑managed SD‑WAN solution such as Cisco Viptela, connecting remote sites over existing MPLS/VPN links and setting QoS policies that prioritize voice/video traffic by class‑of‑service tagging, monitored via the Viptela dashboard. | - Negotiate a “Business Bundle” agreement with the ISP that caps monthly data usage at 500 GB while reducing the per‑user fee to $29.95; lock the terms in a written Service Level Agreement (SLA) and track compliance through automated invoice reconciliation scripts in your ERP (e.g., SAP). | - Install a real‑time network performance monitor like SolarWinds NPM on-premises, create alerts for any link latency > 50 ms or packet loss > 0.5%, and schedule weekly review meetings where the IT team reviews the dashboards and adjusts routing rules accordingly."
"I work in Reno Feb-March, for the last ....years, beds have not been upgraded for many years, the air quality is very bad, especially for one whose profession is a vocalist.  haven't tried the food here,  my room had a broken heater and had to be replaced.  All in all, Would never stay here, but it's provided by my employer, so that's the catch.  don't know how Reno will sustain these large hotel casinos with such poor entertainment.

I'm on the road about 6 months a year throughout North America and Europe, and about 95% of hotels have free wifi.  Circus Circus charges $10.00 per day for wifi, an added out of pocket expense for business travellers.  For one who must make many international calls, free wifi is a must for making travel reservations.  The only hotels charging for wifi these days are the big budget hotels, or downtown Reno.  Just Sayin', time to change Circus Circus.   Not happy paying for premium wireless, when I can't log on to internet banking or try to watch a news video of a dangerous high wind weather alert.  Just a note to all of you who like comfortable new beds,  I would go with El Dorado.  They have new flat screen TVs, but Circus Circus still has the 1990 model.  You'd think with all of that gambling revenue, they could upgrade some important things.  Hotel premium wireless is $13.00 per day,  download speeds are .31 MBPS,  You might be able to watch a 30 second video in 3 hours at that rate.  Unacceptable.  
On a positive note, some good live music in the Lounge.",In‑room TVs are outdated (1990 model) and need upgrading.,In-room Entertainment,"Deploy a quarterly “TV Refresh Audit” in Asana where housekeeping logs each room’s TV age against a preset threshold (e.g., >10 years); any entry triggers an automatic work order to replace the set with a smart‑TV model from the approved vendor list. | - Integrate Samsung Smart Signage into the property management system via the OpenAPI connector so that new smart TVs automatically receive channel line‑up, guest preferences, and OTA firmware updates without manual configuration. | - Set up a PowerBI dashboard tracking refresh completion rates by floor; embed a KPI target of ≥90% of rooms upgraded within six months and schedule weekly review meetings to adjust the audit workflow if the pace falls below the goal. | - Create a centralized procurement contract with a preferred supplier (e.g., Panasonic Business Solutions) that includes volume discounts, pre‑installed content licensing, and a service‑level agreement guaranteeing on‑site installation within 48 hours of order placement."
My fiancé and I will no longer be valued customers as we were not treat with respect. Worst experience ever!!!,Staff were disrespectful and did not treat us with respect,Service Quality,"Deploy a real‑time sentiment monitoring dashboard (e.g., Medallia Experience Cloud) on all front‑line devices that flags negative language triggers and automatically routes the interaction to a supervisor within 5 minutes for immediate coaching. | - Launch a mandatory “Respectful Communication” microlearning module on the company LMS (e.g., Cornerstone OnDemand) with scenario‑based quizzes scored ≥90%; require completion before each shift and track compliance via the LMS reporting API. | - Institute a weekly 15‑minute “Voice‑of‑the‑Customer” huddle where the top three disrespect incidents from the past week are reviewed in a shared Google Sheet, followed by a quick corrective action plan documented and signed off by the team lead. | - Integrate a post‑interaction NPS survey question (“Did you feel respected during your service?”) into Salesforce Service Cloud; set a KPI that any rating ≤6 automatically generates a ticket in Zendesk for a follow‑up investigation and corrective discipline."
"I give it 2 stars only because it was so darn cheap.  I stayed there for 30 a night. I mean c'mon.  It really doesn't get cheaper than that - even regular motels are more expensive. 

The games there aren't what they used to be when I went as a child and they're so much more pricey.  It's fun to play them again though and win those useless prizes. I actually had fun playing the arcade games where you win tickets and trade them in though.  They still have the old school games that I don't even remember the names of because they're that old.   The shows were so half assed but I wasn't expecting an extravagant show anyway.  It's sad because reno is so empty unless there's an event going on.  The food in that vicinity wasn't that great either and I noticed while and after eating that everyone that was there was 60+.  It's a great meat market for the seniors! haha","The motel is extremely cheap, suggesting low quality and poor value.",Pricing,"Deploy a price‑benchmarking dashboard in your PMS (e.g., Opera) that pulls weekly competitor rates from sites such as Expedia and Booking.com, then automatically flags rooms priced below market median for manager review. | - Introduce a tiered room classification with standardized amenity bundles (basic, deluxe, suite) and publish transparent pricing matrices on the website using a visual pricing tool like Pricefx, ensuring guests see what they’re getting for their money. | - Launch a “Value Bundle” promotion through the CRM (e.g., HubSpot) that pairs discounted stays with complimentary local experiences (e.g., free breakfast voucher + nearby attraction ticket), tracked by UTM tags to measure conversion lift. | - Install QR‑code‑linked SurveyMonkey micro‑surveys at check‑in and checkout points asking guests to rate perceived value on a 1‑10 scale; set a KPI to achieve ≥8 average score within 90 days and trigger a corrective action plan if missed."
"I give it 2 stars only because it was so darn cheap.  I stayed there for 30 a night. I mean c'mon.  It really doesn't get cheaper than that - even regular motels are more expensive. 

The games there aren't what they used to be when I went as a child and they're so much more pricey.  It's fun to play them again though and win those useless prizes. I actually had fun playing the arcade games where you win tickets and trade them in though.  They still have the old school games that I don't even remember the names of because they're that old.   The shows were so half assed but I wasn't expecting an extravagant show anyway.  It's sad because reno is so empty unless there's an event going on.  The food in that vicinity wasn't that great either and I noticed while and after eating that everyone that was there was 60+.  It's a great meat market for the seniors! haha","Arcade games are outdated and overpriced, diminishing enjoyment.",Entertainment,"Deploy a “Game‑Rotation” schedule in your POS (e.g., Square) that automatically reduces arcade game prices by 15% during off‑peak hours and swaps out low‑usage units every six months based on weekly foot‑traffic analytics. | - Install QR‑code feedback stations at each machine that feed real‑time usage and satisfaction scores into Power BI; trigger alerts when NPS drops below 70 so you can replace underperforming titles within two weeks. | - Launch a loyalty program integrated with your existing rewards app (e.g., Smile.io) that awards points redeemable for free play tokens after three visits, increasing repeat patronage while measuring redemption rates via the built‑in dashboard. | - Partner with local indie developers through a co‑creation contract managed in Asana, allocating a quarterly budget of $5,000 per location to prototype new games that meet target profit margins (≥ 20%) before full rollout."
"I give it 2 stars only because it was so darn cheap.  I stayed there for 30 a night. I mean c'mon.  It really doesn't get cheaper than that - even regular motels are more expensive. 

The games there aren't what they used to be when I went as a child and they're so much more pricey.  It's fun to play them again though and win those useless prizes. I actually had fun playing the arcade games where you win tickets and trade them in though.  They still have the old school games that I don't even remember the names of because they're that old.   The shows were so half assed but I wasn't expecting an extravagant show anyway.  It's sad because reno is so empty unless there's an event going on.  The food in that vicinity wasn't that great either and I noticed while and after eating that everyone that was there was 60+.  It's a great meat market for the seniors! haha",Live shows are half-assed and lack quality.,Entertainment,"Deploy a standardized live‑show checklist in Asana (or Monday.com) that requires producers to log venue prep, tech run‑throughs, and performer warm‑ups before each performance; assign a “Show Lead” who must close each task with a timestamped sign‑off. | - Integrate a post‑performance survey via Qualtrics that captures audience ratings on execution, energy, and professionalism; set a minimum average score of 8/10 and trigger an automated Slack alert to the creative director when scores fall below target. | - Launch a weekly “Show‑Improvement Lab” where the production team reviews recorded footage from the previous week’s show in Zoom (using the built‑in screen‑share feature), identifies one specific area for improvement, and commits to a concrete corrective action tracked in Trello. | - Create a talent‑development pipeline in TalentLMS that mandates quarterly 2‑hour skill‑building workshops (e.g., vocal warm‑up drills, stage presence exercises) with completion tracked by certificates; require performers to achieve ≥90% attendance before being scheduled for live events."
"I give it 2 stars only because it was so darn cheap.  I stayed there for 30 a night. I mean c'mon.  It really doesn't get cheaper than that - even regular motels are more expensive. 

The games there aren't what they used to be when I went as a child and they're so much more pricey.  It's fun to play them again though and win those useless prizes. I actually had fun playing the arcade games where you win tickets and trade them in though.  They still have the old school games that I don't even remember the names of because they're that old.   The shows were so half assed but I wasn't expecting an extravagant show anyway.  It's sad because reno is so empty unless there's an event going on.  The food in that vicinity wasn't that great either and I noticed while and after eating that everyone that was there was 60+.  It's a great meat market for the seniors! haha","Food in the vicinity is not good, offering poor taste and quality.",Food Quality,"Deploy a quarterly “Taste‑Audit” using a standardized sensory evaluation sheet (e.g., ISO 8589) and feed results into a Power BI dashboard; any score below 70% triggers an automatic vendor review workflow in SAP Ariba. | - Integrate the POS system with the delivery app’s API to capture real‑time order‑completion times, then set a KPI that ≥95% of orders are delivered within 15 minutes; if breached, initiate a corrective‑action ticket in Jira Service Management. | - Launch a weekly mystery‑shopper program via the Market Force Insights platform, assigning 10 randomly selected customers per location; score each shop on cleanliness, packaging, and product freshness, and require any store scoring ≤80% to complete a remediation checklist within two days. | - Install IoT temperature‑monitoring sensors (e.g., Sensitech TempTale) on all refrigerated displays and integrate alerts into Slack; when temperatures deviate by more than ±2 °C, the store manager receives a real‑time notification and logs a compliance entry in the daily operations log."
"I give it 2 stars only because it was so darn cheap.  I stayed there for 30 a night. I mean c'mon.  It really doesn't get cheaper than that - even regular motels are more expensive. 

The games there aren't what they used to be when I went as a child and they're so much more pricey.  It's fun to play them again though and win those useless prizes. I actually had fun playing the arcade games where you win tickets and trade them in though.  They still have the old school games that I don't even remember the names of because they're that old.   The shows were so half assed but I wasn't expecting an extravagant show anyway.  It's sad because reno is so empty unless there's an event going on.  The food in that vicinity wasn't that great either and I noticed while and after eating that everyone that was there was 60+.  It's a great meat market for the seniors! haha","The venue primarily attracts seniors, making the atmosphere less appealing to younger guests.",Atmosphere,"Deploy a data‑driven marketing mix model in HubSpot that targets Gen Z/Gen Y demographics with weekly email campaigns featuring age‑neutral event themes and exclusive “young adult” ticket codes tracked via UTM parameters. | - Install a real‑time audience analytics dashboard (e.g., Google Analytics Events) on digital signage at entrances and refresh it daily to display current attendee age distribution; trigger alerts when senior count exceeds 70% so staff can adjust programming instantly. | - Partner with local colleges and community groups to run monthly “Young Adult Nights” events, promoted through QR‑code flyers placed in student lounges, and measure success by comparing post‑event NPS scores between senior vs. young‑adult attendees. | - Integrate a Tableau KPI report that monitors “Average Age of Attendees” per event; set a target of ≤55% seniors and schedule quarterly reviews where the program manager adjusts content, pricing, and promotion based on the report’s findings."
One of the waiters she was old ugly and rude bad service went was playing at the machine,The waiter was rude and impolite toward the customer.,Service Quality,"Deploy a real‑time guest feedback app (e.g., Qualtrics Experience Management) on tablets at each table; any “rude behavior” rating automatically creates a ticket in ServiceNow for immediate manager review within 24 hours. | - Institute a weekly 15‑minute “Politeness Drill” using the video‑review feature in Loom where staff watch recorded interactions and receive instant corrective feedback from the floor manager. | - Introduce a performance dashboard in Power BI that tracks Net Promoter Score for server interactions, with a monthly target of ≥90 % positive scores and automatic alerts when scores fall below threshold. | - Launch a mandatory micro‑learning module on courtesy and etiquette in Lessonly, requiring 100 % completion before each shift and logging completion rates for compliance tracking."
One of the waiters she was old ugly and rude bad service went was playing at the machine,The waiter gave poor service by playing on the machine instead of attending to the table.,Service Quality,"Deploy a real‑time floor‑monitoring app (e.g., Deputy) that sends automatic push alerts to supervisors when a server’s “idle” time on the POS exceeds 5 minutes, prompting immediate redirection to guest tables. | - Install QR‑code feedback stations at each table linked to Medallia; guests can tap the code to rate service instantly, triggering an automated alert if the average rating falls below 8/10 within the shift. | - Introduce a gamified incentive program in the restaurant’s POS (e.g., Toast) that awards points for every table‑check completed before the next POS entry, with weekly leaderboards displayed on a wall screen. | - Conduct daily 15‑minute micro‑coaching huddles using Zoom where the floor manager reviews the previous night’s “idle‑on‑machine” incidents from the deputy report and assigns corrective actions to individual waiters. | - Schedule a mandatory 20‑minute “Table‑First” drill at the start of each shift, recorded in the LMS (e.g., SAP Litmos), requiring servers to complete a timed tabletop inspection checklist before any POS interaction is logged."
One of the waiters she was old ugly and rude bad service went was playing at the machine,"The waiter’s appearance (described as old and ugly) was criticized, affecting perceived professionalism.",Staff Appearance,"Deploy a quarterly “Style & Grooming” audit using a standardized checklist in Asana, assigning each server a score and requiring a minimum 85 % compliance before shift scheduling. | - Launch a micro‑learning module on LinkedIn Learning titled “Professional Wardrobe Essentials for Service Staff,” with a mandatory 15‑minute quiz that must be passed within two weeks of release. | - Install QR‑code feedback kiosks at each table (via Qualtrics) that prompt guests to rate staff appearance on a 1‑5 scale; aggregate results weekly and trigger corrective coaching when average scores fall below 4.0. | - Create a rotating uniform inventory in Deputy, tracking wear dates and enforcing a replacement cycle of every three months to ensure only current styles are worn by front‑line personnel."
"We made reservations just a day prior and then arrive only to be told that all circus performance acts are off until they finish construction of a new stage (which is due to open in Nov). This issue here is they made no mention of this on their webpage. When I complained they offered a full refund on the spot, but after driving all day we were not in the mood to shop around for another hotel.
Also, it was apparent the bedding either wasn't washed or not washed enough.","Circus performance was cancelled without prior notice on the website, leading to disappointment.",Service Quality,"Deploy a real‑time cancellation flag in the CMS (e.g., Contentful) that automatically hides all show dates when a “cancelled” status is logged in the ticketing system (e.g., Eventbrite), preventing the public site from displaying unavailable events. | - Configure an automated email/SMS notification workflow in SendGrid that triggers within 15 minutes of any cancellation entry, sending personalized messages with the reason and next‑available date to subscribers who have opted‑in via a Zapier integration. | - Implement a “Cancellation Confirmation” step in the ticketing flow where customers receive a one‑click “Yes/No” prompt before their purchase is finalized; if they select “No,” the transaction is aborted and a refund is issued instantly through Stripe’s Refund API. | - Set up a weekly Power BI dashboard that tracks cancellation rates per venue, flags any event with a >10% cancellation rate, and routes those cases to the operations manager for immediate review and corrective action."
"We made reservations just a day prior and then arrive only to be told that all circus performance acts are off until they finish construction of a new stage (which is due to open in Nov). This issue here is they made no mention of this on their webpage. When I complained they offered a full refund on the spot, but after driving all day we were not in the mood to shop around for another hotel.
Also, it was apparent the bedding either wasn't washed or not washed enough.","Bedding appeared unwashed or insufficiently cleaned, indicating poor housekeeping.",Cleanliness,"Deploy RFID‑enabled linen tags integrated with the hotel’s PMS (e.g., Oracle Opera) so every sheet is scanned at check‑in/out; any tag missed triggers an automatic “missing laundry” alert in the staff dashboard. | - Introduce a digital cleaning checklist on tablets running iAuditor, requiring housekeepers to capture before/after photo evidence of bedding inspection and confirm completion within 5 minutes of room turnover. | - Set up a daily “clean‑room audit” rotation using a mobile app such as HotSOS where supervisors conduct spot‑checks of 10% of rooms, logging compliance scores against a KPI of ≥ 98% clean linens per shift. | - Contract a certified third‑party laundry provider with a Service Level Agreement that mandates delivery of freshly laundered sheets within 24 hours, and track fulfillment via a QR‑code tracking system linked to the property management system."
"This review is on the kids Midway game area:

As a child, I lived for Circus Circus! My family would come here several times a year and it was amazing and fun.

I took my 9 year old son here this past weekend for the first time and it was garbage to how it was before. They did not at all upgrade this place. They even took out one of the popular games Fantasia! The shows they had going on werent that entertaining. The games were getting overpriced and there wasn't really any new and fun exciting games. My son basically got bored in an hour and really wasn't that entertained by everything. I had to agree with him big time because I knew it was trash compared to what it was before. They need to do a huge upgrade to this place! I'm sure if they did, they would get a lot more visitors.",The kids Midway area has not been upgraded and feels outdated compared to its past condition,Service Quality,"Launch a phased refurbishment plan in Asana, assigning a “Kids Midway Refresh” project with clear milestones (e.g., replace carpet by Q1 2024, repaint walls by Q2 2024) and automatic deadline alerts. | - Install IoT motion‑sensor lighting and temperature controls via Philips Hue Business, programming a schedule that increases illumination during peak kid traffic and reduces energy waste when empty. | - Redesign the play zone using SketchUp models, run a 2‑week virtual mock‑up review with stakeholders, then procure modular, pre‑assembled play units from a vetted supplier (e.g., PlayCore) for installation within a 6‑week window. | - Deploy QR‑code wayfinding linked to a real‑time Google Map overlay on the company’s mobile app, guiding families to the updated Midway area and capturing usage analytics for continuous improvement."
"This review is on the kids Midway game area:

As a child, I lived for Circus Circus! My family would come here several times a year and it was amazing and fun.

I took my 9 year old son here this past weekend for the first time and it was garbage to how it was before. They did not at all upgrade this place. They even took out one of the popular games Fantasia! The shows they had going on werent that entertaining. The games were getting overpriced and there wasn't really any new and fun exciting games. My son basically got bored in an hour and really wasn't that entertained by everything. I had to agree with him big time because I knew it was trash compared to what it was before. They need to do a huge upgrade to this place! I'm sure if they did, they would get a lot more visitors.","A popular game, Fantasia, was removed from the venue",Game Selection,"Deploy a real‑time “game availability” widget on the website and mobile app (built with React/Next.js) that pulls data from your content management system via API and automatically notifies customers when Fantasia is back online. | - Create a “Fan Request Queue” in Asana where players can submit tickets asking for Fantasia’s return; configure automated email alerts to operations managers and set a SLA of 48 hours for acknowledgment and status updates. | - Run A/B tests in Optimizely to measure impact on churn by comparing conversion rates between venues that retain Fantasia versus those that remove it, then use the results to justify keeping the title on the floor. | - Establish a quarterly “Games Refresh Cycle” documented in Confluence, assigning a cross‑functional team to audit popularity metrics (e.g., PlayStatix usage), renew licensing agreements, and schedule new releases or reinstatements of top‑performing titles such as Fantasia."
"This review is on the kids Midway game area:

As a child, I lived for Circus Circus! My family would come here several times a year and it was amazing and fun.

I took my 9 year old son here this past weekend for the first time and it was garbage to how it was before. They did not at all upgrade this place. They even took out one of the popular games Fantasia! The shows they had going on werent that entertaining. The games were getting overpriced and there wasn't really any new and fun exciting games. My son basically got bored in an hour and really wasn't that entertained by everything. I had to agree with him big time because I knew it was trash compared to what it was before. They need to do a huge upgrade to this place! I'm sure if they did, they would get a lot more visitors.",The live shows are not entertaining and fail to engage visitors,Entertainment Quality,"Deploy a real‑time audience analytics dashboard (e.g., Qualtrics Experience Management) on stage monitors that displays key engagement metrics (applause rate, dwell time, social mentions) and triggers on‑the‑fly content adjustments based on thresholds. | - Integrate interactive voting via QR codes at seating zones and feed the results into the show’s digital script manager (such as QScout) to instantly add crowd‑preferred segments or surprise acts during breaks. | - Launch a weekly “Show Lab” where performers experiment with new routines in front of a pilot audience, capturing post‑show NPS scores through SurveyMonkey and only rolling out concepts that achieve ≥80 % positive feedback. | - Use AI video analysis tools like IBM Watson Media to automatically flag flat moments in performance and generate automatic “pick‑up” cue cards for the host to insert high‑energy clips when the algorithm detects low energy levels."
"This review is on the kids Midway game area:

As a child, I lived for Circus Circus! My family would come here several times a year and it was amazing and fun.

I took my 9 year old son here this past weekend for the first time and it was garbage to how it was before. They did not at all upgrade this place. They even took out one of the popular games Fantasia! The shows they had going on werent that entertaining. The games were getting overpriced and there wasn't really any new and fun exciting games. My son basically got bored in an hour and really wasn't that entertained by everything. I had to agree with him big time because I knew it was trash compared to what it was before. They need to do a huge upgrade to this place! I'm sure if they did, they would get a lot more visitors.","The games are priced too high, making them feel overpriced",Pricing,"Deploy a competitor‑price monitoring tool (e.g., PriceIntelligence) to capture weekly benchmark data; adjust your game prices by no more than 5% above the market median within two weeks of any price shift. | - Implement a tiered pricing model in the storefront (Steam, Epic) using the built‑in discount engine, offering “Lite” versions at 30 % lower than full titles and bundling with DLCs to expand perceived value. | - Run A/B tests on pricing pages via Optimizely, comparing “Standard” vs. “Premium” labels and measuring conversion lift while keeping total revenue constant. | - Launch a loyalty program integrated with your CRM (e.g., HubSpot) that awards points redeemable for future discounts after three purchases, tracking redemption rates to gauge price‑sensitivity impact. | - Conduct quarterly cost‑plus analyses using Excel‑based templates to recalculate COGS and set target margins, then publish revised pricing matrices to finance stakeholders for approval."
"This review is on the kids Midway game area:

As a child, I lived for Circus Circus! My family would come here several times a year and it was amazing and fun.

I took my 9 year old son here this past weekend for the first time and it was garbage to how it was before. They did not at all upgrade this place. They even took out one of the popular games Fantasia! The shows they had going on werent that entertaining. The games were getting overpriced and there wasn't really any new and fun exciting games. My son basically got bored in an hour and really wasn't that entertained by everything. I had to agree with him big time because I knew it was trash compared to what it was before. They need to do a huge upgrade to this place! I'm sure if they did, they would get a lot more visitors.","There are few new or exciting games, causing boredom for children",Entertainment Quality,"Deploy a “Game Sprint” calendar in Jira Cloud where product managers assign two‑week sprints for rapid prototyping of at least one new title per month, with sprint reviews tracked by story points and user‑acceptance tests. | - Integrate PlayFab analytics to capture daily active users, session length, and churn metrics; set a KPI that 15% of monthly revenue comes from titles launched within the past three months and review the data weekly in Power BI dashboards. | - Launch a quarterly “Kids Game Lab” event using a rotating roster of external indie developers who pitch prototype concepts; select one concept each quarter and provide $10k seed funding plus a dedicated QA sprint on Azure DevOps to fast‑track its release to the app store. | - Implement a “Content Refresh Schedule” in Asana that schedules a minimum of four new game updates (bug fixes, level packs) every 45 days, assigning owners, deadlines, and automatically generating Slack reminders when tasks approach their due dates."
